{"cameraMode":{"drawMode":0,"name":"Shaded","section":"Shading Mode"},"sceneLighting":false,"audioPlay":false,"sceneViewState":{"m_AlwaysRefresh":false,"showFog":true,"showSkybox":false,"showFlares":true,"showImageEffects":true,"showParticleSystems":true,"showVisualEffectGraphs":true,"m_FxEnabled":true},"in2DMode":false,"pivot":{"x":-4.381361484527588,"y":0.7888202667236328,"z":-4.587517261505127},"rotation":{"x":0.000046728095185244456,"y":0.9878092408180237,"z":-0.15567412972450257,"w":0.0002969168999698013},"size":1.2247449159622193,"orthographic":false}