{"cameraMode":{"drawMode":0,"name":"Shaded","section":"Shading Mode"},"sceneLighting":false,"audioPlay":false,"sceneViewState":{"m_AlwaysRefresh":false,"showFog":true,"showSkybox":false,"showFlares":true,"showImageEffects":true,"showParticleSystems":true,"showVisualEffectGraphs":true,"m_FxEnabled":true},"in2DMode":false,"pivot":{"x":-4.579999923706055,"y":0.8003718852996826,"z":-4.820000171661377},"rotation":{"x":0.000046728095185244456,"y":0.9878092408180237,"z":-0.15567412972450257,"w":0.0002969168999698013},"size":1.0993212461471558,"orthographic":false}